{
    "sc": {
        "awscloudformation": {
            "AuthRoleName": "amplify-dcms-sc-114922-authRole",
            "UnauthRoleArn": "arn:aws:iam::448613809836:role/amplify-dcms-sc-114922-unauthRole",
            "AuthRoleArn": "arn:aws:iam::448613809836:role/amplify-dcms-sc-114922-authRole",
            "Region": "us-east-2",
            "DeploymentBucketName": "amplify-dcms-sc-114922-deployment",
            "UnauthRoleName": "amplify-dcms-sc-114922-unauthRole",
            "StackName": "amplify-dcms-sc-114922",
            "StackId": "arn:aws:cloudformation:us-east-2:448613809836:stack/amplify-dcms-sc-114922/bf75d630-0ee2-11ea-8fd9-064ea827a74e"
        },
        "categories": {
            "auth": {
                "dcmscdd8907d": {}
            }
        }
    }
}