{
    "identityPoolName": "dcmscdd8907d_identitypool_cdd8907d",
    "allowUnauthenticatedIdentities": false,
    "resourceNameTruncated": "dcmscdd8907d",
    "userPoolName": "dcmscdd8907d_userpool_cdd8907d",
    "autoVerifiedAttributes": [
        "email"
    ],
    "mfaConfiguration": "OFF",
    "mfaTypes": [
        "SMS Text Message"
    ],
    "smsAuthenticationMessage": "Your authentication code is {####}",
    "smsVerificationMessage": "Your verification code is {####}",
    "emailVerificationSubject": "Your verification code",
    "emailVerificationMessage": "Your verification code is {####}",
    "defaultPasswordPolicy": false,
    "passwordPolicyMinLength": 8,
    "passwordPolicyCharacters": [],
    "requiredAttributes": [
        "email"
    ],
    "userpoolClientGenerateSecret": true,
    "userpoolClientRefreshTokenValidity": 30,
    "userpoolClientWriteAttributes": [
        "email"
    ],
    "userpoolClientReadAttributes": [
        "email"
    ],
    "userpoolClientLambdaRole": "dcmscdcdd8907d_userpoolclient_lambda_role",
    "userpoolClientSetAttributes": false,
    "resourceName": "dcmscdd8907d",
    "authSelections": "identityPoolAndUserPool",
    "authRoleArn": {
        "Fn::GetAtt": [
            "AuthRole",
            "Arn"
        ]
    },
    "unauthRoleArn": {
        "Fn::GetAtt": [
            "UnauthRole",
            "Arn"
        ]
    },
    "useDefault": "default",
    "usernameAttributes": [
        "email, phone_number"
    ],
    "userPoolGroupList": [],
    "dependsOn": []
}