{
	"providers": {
		"awscloudformation": {
			"AuthRoleName": "amplify-dcms-sc-114922-authRole",
			"UnauthRoleArn": "arn:aws:iam::448613809836:role/amplify-dcms-sc-114922-unauthRole",
			"AuthRoleArn": "arn:aws:iam::448613809836:role/amplify-dcms-sc-114922-authRole",
			"Region": "us-east-2",
			"DeploymentBucketName": "amplify-dcms-sc-114922-deployment",
			"UnauthRoleName": "amplify-dcms-sc-114922-unauthRole",
			"StackName": "amplify-dcms-sc-114922",
			"StackId": "arn:aws:cloudformation:us-east-2:448613809836:stack/amplify-dcms-sc-114922/bf75d630-0ee2-11ea-8fd9-064ea827a74e"
		}
	},
	"auth": {
		"dcmscdd8907d": {
			"service": "Cognito",
			"providerPlugin": "awscloudformation",
			"dependsOn": [],
			"providerMetadata": {
				"s3TemplateURL": "https://s3.amazonaws.com/amplify-dcms-sc-114922-deployment/amplify-cfn-templates/auth/dcmscdd8907d-cloudformation-template.yml",
				"logicalId": "authdcmscdd8907d"
			},
			"lastPushTimeStamp": "2019-11-24T18:06:50.999Z",
			"output": {
				"AppClientSecret": "ali3lp7uteujrp6oik1rnhneet9n0ustl0tqdfv01o309bg05uc",
				"UserPoolId": "us-east-2_VXCh7Rpe0",
				"AppClientIDWeb": "1mrnhamv4o2m2q1s13joff70c2",
				"AppClientID": "4fr626rn99v59a7jb6cqv4md2c",
				"IdentityPoolId": "us-east-2:825a6b36-f553-42dd-bb2c-1caedd8103f6",
				"IdentityPoolName": "dcmscdd8907d_identitypool_cdd8907d__sc",
				"UserPoolName": "dcmscdd8907d_userpool_cdd8907d"
			},
			"lastPushDirHash": "tWEBYDj+QjYHPawEIuMgdpprEoY="
		}
	},
	"api": {
		"dcms": {
			"service": "AppSync",
			"providerPlugin": "awscloudformation",
			"output": {
				"authConfig": {
					"additionalAuthenticationProviders": [],
					"defaultAuthentication": {
						"authenticationType": "AMAZON_COGNITO_USER_POOLS",
						"userPoolConfig": {
							"userPoolId": "authdcmscdd8907d"
						}
					}
				},
				"GraphQLAPIIdOutput": "s7p637iq2bfrxknd4oezpb52ge",
				"GraphQLAPIEndpointOutput": "https://wojfppb33zcnbmn4ufir7uoij4.appsync-api.us-east-2.amazonaws.com/graphql"
			},
			"providerMetadata": {
				"s3TemplateURL": "https://s3.amazonaws.com/amplify-dcms-sc-114922-deployment/amplify-cfn-templates/api/cloudformation-template.json",
				"logicalId": "apidcms"
			},
			"lastPushTimeStamp": "2019-11-24T18:06:50.999Z",
			"lastPushDirHash": "zrPLmRDai13C3ao1ZXpKfIos9vg="
		}
	}
}